idx,open,high,low,close,volume
0,76051.57,76187.75,76030.83,76186.48,66.6441
1,76186.48,76245.98,76066.27,76083.57,45.9730
2,76083.58,76089.42,75936.00,75975.90,44.9196
3,75975.91,76110.01,75975.90,76042.00,91.7014
4,76041.99,76042.00,75930.00,75930.01,31.6651
5,75930.01,75937.04,75831.26,75929.71,41.3570
6,75930.03,75946.33,75742.18,75744.94,39.2532
7,75744.94,75826.44,75613.20,75698.70,72.4018
8,75698.90,75851.24,75698.44,75751.74,47.2184
9,75751.74,75862.19,75751.74,75862.19,25.0301
10,75862.19,76000.00,75862.19,76000.00,50.5877
11,76000.00,76000.00,75926.00,75986.00,22.0384
12,75985.99,75998.01,75926.78,75935.24,14.6493
13,75935.24,75935.24,75760.00,75777.09,78.0631
14,75777.09,75830.71,75726.70,75762.15,31.5179
15,75762.15,75956.58,75762.14,75874.76,28.8732
16,75874.76,75901.21,75794.93,75901.20,19.9912
17,75901.21,75901.21,75763.39,75793.17,25.2752
18,75793.17,75793.17,75660.00,75680.51,59.2005
19,75680.50,75721.60,75642.19,75660.40,29.8982
20,75660.40,75725.08,75558.01,75674.98,42.0761
21,75674.97,75766.42,75660.00,75748.77,16.8544
22,75748.78,75756.83,75640.64,75643.08,29.5029
23,75643.08,75664.32,75425.55,75576.23,74.0912
24,75576.22,75576.23,75392.35,75453.85,42.7377
25,75453.85,75597.40,75392.34,75500.01,45.2982
26,75500.00,75500.01,75399.99,75400.00,27.3013
27,75400.00,75460.50,75302.11,75381.89,125.9059
28,75381.88,75394.37,75167.21,75191.11,130.4992
29,75191.11,75270.39,75140.64,75233.52,46.4875
30,75233.53,75554.41,75209.81,75493.00,95.5890
31,75493.00,75621.48,75489.36,75609.42,65.1331
32,75609.41,75664.56,75532.88,75635.79,36.3517
33,75635.79,75635.79,75570.69,75613.72,18.5594
34,75613.72,75702.45,75600.00,75702.44,25.7229
35,75702.45,75747.98,75702.44,75740.56,31.3034
36,75740.56,75740.56,75656.35,75668.00,55.0234
37,75667.99,75777.00,75658.47,75770.00,29.3104
38,75770.00,75849.40,75741.62,75833.47,29.5021
39,75833.47,75898.85,75833.46,75896.99,20.3736
40,75896.99,75933.12,75870.81,75933.11,28.1546
41,75933.12,75942.13,75866.47,75872.98,40.6494
42,75872.97,75872.98,75734.22,75734.22,65.1547
43,75734.22,75741.06,75562.01,75680.00,65.7671
44,75680.01,75693.11,75586.40,75586.40,30.5090
45,75586.40,75696.94,75570.36,75673.74,28.9415
46,75673.74,75718.91,75649.39,75662.86,23.6960
47,75662.85,75716.51,75649.61,75694.62,16.3858
48,75694.62,75704.20,75625.00,75644.48,34.1936
49,75644.48,75745.87,75578.61,75745.87,37.8314
50,75745.87,75793.59,75693.36,75693.97,32.0306
51,75693.96,75762.26,75677.15,75702.64,19.4092
52,75702.64,75794.21,75682.83,75784.17,18.8990
53,75784.17,75837.96,75727.29,75823.88,25.3881
54,75823.88,75850.07,75784.99,75850.07,22.7489
55,75850.07,75867.05,75808.24,75808.24,32.0855
56,75808.25,75915.49,75800.00,75915.45,18.5905
57,75915.44,75915.44,75777.00,75802.27,20.3128
58,75802.28,75878.87,75758.66,75841.15,25.9347
59,75841.15,75841.16,75733.45,75735.98,35.7084
60,75735.98,75807.41,75731.65,75772.10,51.6086
61,75772.10,75862.43,75693.96,75720.23,34.6592
62,75720.22,75792.03,75700.67,75755.81,19.6406
63,75755.82,75827.60,75709.63,75786.07,25.2704
64,75786.07,75808.22,75721.00,75803.36,24.5983
65,75803.36,75933.12,75797.46,75933.12,37.8853
66,75933.12,75964.01,75870.22,75871.46,28.7748
67,75871.47,75871.47,75686.12,75687.50,28.4603
68,75687.49,75726.42,75558.92,75560.16,74.7681
69,75560.16,75670.28,75547.73,75659.55,20.3220
70,75659.55,75714.01,75576.13,75585.72,75.8553
71,75585.71,75585.71,75457.52,75482.81,44.1980
72,75482.81,75523.48,75463.83,75489.14,57.0335
73,75489.14,75662.17,75483.32,75621.94,40.1011
74,75621.95,75657.37,75586.06,75616.32,35.7466
75,75616.32,75674.04,75550.00,75659.07,32.7180
76,75659.07,75840.01,75648.91,75823.85,49.5937
77,75823.85,75848.28,75807.30,75841.85,21.0829
78,75841.85,75940.50,75841.85,75940.50,26.3921
79,75940.50,76048.21,75931.75,76020.01,53.1493
80,76020.01,76111.00,76009.41,76058.34,51.6280
81,76058.35,76070.01,75964.78,75964.78,26.8994
82,75964.79,76000.00,75935.31,75992.01,19.4640
83,75992.00,75992.01,75917.83,75924.01,24.9700
84,75924.00,75924.01,75817.46,75886.35,49.4828
85,75886.36,75988.01,75882.47,75945.07,54.0073
86,75945.06,75947.04,75822.52,75848.48,39.6614
87,75848.48,75956.98,75847.06,75956.98,29.3025
88,75956.98,76058.07,75956.97,76025.77,61.8747
89,76025.77,76076.01,76025.76,76030.32,24.5323
90,76030.32,76030.32,75856.76,75856.77,31.9863
91,75856.77,75908.01,75834.01,75859.93,39.6840
92,75859.93,75859.93,75790.00,75800.00,28.5489
93,75800.00,75829.16,75779.03,75792.02,20.5290
94,75792.02,75830.71,75779.66,75796.01,12.7585
95,75796.01,75796.01,75768.25,75768.38,12.9009
96,75768.39,75832.01,75768.38,75824.01,13.4866
97,75824.00,75918.01,75819.70,75907.92,22.6506
98,75907.91,75907.92,75846.79,75854.01,23.1885
99,75854.00,75902.01,75846.00,75889.99,17.6818
100,75889.99,75889.99,75838.00,75838.01,10.0663
101,75838.00,75986.01,75838.00,75976.89,32.8854
102,75976.89,75984.01,75870.10,75870.10,44.9862
103,75870.10,75910.00,75853.37,75910.00,25.4353
104,75910.01,75981.97,75910.00,75980.00,25.4157
105,75980.01,76022.67,75929.01,75929.02,34.0968
106,75929.02,75970.09,75904.00,75904.00,18.6870
107,75904.00,75904.00,75822.36,75830.71,25.3959
108,75830.72,75878.87,75805.70,75864.02,40.6103
109,75864.02,75877.33,75677.64,75720.01,38.4049
110,75720.01,75781.42,75693.46,75781.42,16.8805
111,75781.42,75810.74,75780.00,75802.01,12.2633
112,75802.01,75886.64,75802.00,75880.30,66.5167
113,75880.31,75920.01,75844.99,75884.01,24.5684
114,75884.01,75906.01,75856.00,75884.18,22.9093
115,75884.18,75890.01,75836.70,75872.32,20.1075
116,75872.33,75924.01,75872.32,75920.01,13.6639
117,75920.01,75981.36,75917.43,75966.12,36.6905
118,75966.11,75966.12,75910.00,75917.69,34.5067
119,75917.69,75928.00,75888.21,75890.67,31.3645
120,75890.68,75964.00,75886.08,75962.01,54.7550
121,75962.01,76027.37,75960.37,75980.97,50.9418
122,75980.97,76012.01,75974.06,76012.00,26.9665
123,76012.00,76028.67,75952.43,75996.02,52.3630
124,75996.02,76012.13,75948.06,75999.46,28.0761
125,75999.46,76015.38,75897.81,75906.18,47.0678
126,75906.19,75916.81,75882.35,75916.81,30.9807
127,75916.81,75944.01,75904.00,75931.75,22.4906
128,75931.75,75931.75,75830.00,75852.00,37.7756
129,75852.00,75932.01,75852.00,75932.01,8.6063
130,75932.00,76008.01,75924.40,75976.01,28.9578
131,75976.01,75976.01,75925.52,75936.45,17.9690
132,75936.45,76038.83,75924.00,76030.01,47.6663
133,76030.01,76097.54,75992.01,76081.10,51.8269
134,76081.11,76092.00,75948.00,75948.00,44.6143
135,75948.00,75948.00,75820.00,75880.02,56.0201
136,75880.01,75928.01,75807.19,75815.79,85.7351
137,75815.79,75848.92,75807.19,75837.44,39.4373
138,75837.44,75870.01,75811.87,75817.86,18.0082
139,75817.86,75844.01,75758.02,75822.01,84.8802
140,75822.00,75880.00,75822.00,75880.00,53.4059
141,75880.01,75912.01,75796.21,75819.67,73.8587
142,75819.68,75894.01,75813.61,75858.01,71.6613
143,75858.01,75860.01,75800.00,75800.00,57.3285
144,75800.01,75811.56,75739.36,75766.63,85.1753
145,75766.62,75766.62,75668.02,75668.02,47.5377
146,75668.02,75668.03,75468.18,75532.06,170.0759
147,75532.07,75604.55,75496.92,75523.47,57.0365
148,75523.47,75632.34,75462.68,75517.29,89.0760
149,75517.29,75586.95,75400.00,75434.06,84.7034
150,75434.14,75450.00,75350.00,75436.78,94.1401
151,75436.78,75516.93,75428.00,75488.11,39.6329
152,75488.12,75547.30,75482.03,75547.23,22.5130
153,75547.22,75574.78,75527.35,75558.41,29.8845
154,75558.40,75578.68,75543.36,75558.86,13.9068
155,75558.86,75624.01,75558.85,75624.00,22.6701
156,75624.00,75736.01,75624.00,75736.01,19.5855
157,75736.01,75874.01,75730.00,75874.01,71.9924
158,75874.00,75950.00,75832.01,75860.00,82.3716
159,75860.01,75860.01,75796.23,75796.23,93.7107
160,75796.24,75828.97,75763.53,75805.46,41.8344
161,75805.46,75871.91,75805.46,75871.91,18.6644
162,75871.90,75877.35,75826.00,75834.58,32.8753
163,75834.58,75884.01,75830.03,75858.46,20.8522
164,75858.46,75944.01,75858.46,75908.82,18.5105
165,75908.82,75928.36,75908.82,75919.01,14.0309
166,75919.01,75950.00,75892.43,75936.01,21.2927
167,75936.01,75972.70,75922.97,75972.69,17.4121
168,75972.70,75994.00,75954.22,75993.00,21.7793
169,75993.01,76046.05,75989.63,76006.00,64.7759
170,76006.00,76016.62,75972.01,76012.25,41.3280
171,76012.25,76027.67,75933.11,75944.35,38.2376
172,75944.34,76003.97,75944.34,76003.96,26.7698
173,76003.97,76015.75,75933.12,75933.13,22.2412
174,75933.13,75982.01,75922.00,75972.01,16.7888
175,75972.00,75996.00,75948.00,75974.01,17.8925
176,75974.00,75996.00,75966.00,75972.14,19.1639
177,75972.15,76008.98,75972.14,75987.79,14.3476
178,75987.79,75987.79,75958.00,75958.01,21.0933
179,75958.00,75958.01,75933.29,75933.30,7.5739
180,75933.30,75993.52,75900.00,75990.20,24.5702
181,75990.20,76049.94,75944.00,75975.77,34.0359
182,75975.77,75989.00,75910.04,75940.00,23.4982
183,75940.00,75953.08,75916.00,75916.00,20.6114
184,75916.01,75955.00,75874.00,75955.00,27.7081
185,75955.00,75994.01,75916.00,75916.01,30.8715
186,75916.00,75990.01,75916.00,75978.01,24.1635
187,75978.00,76057.04,75958.00,76029.09,27.5383
188,76029.10,76100.00,75980.00,76023.86,34.9845
189,76023.87,76278.64,75981.06,76236.00,98.9602
190,76236.01,76249.81,76152.47,76228.01,71.1321
191,76228.00,76304.01,76216.17,76234.19,88.1863
192,76234.20,76256.01,76224.93,76250.00,41.9854
193,76250.00,76300.00,76200.00,76295.03,98.2825
194,76295.03,76295.04,76185.00,76185.00,36.1662
195,76185.00,76185.01,76114.00,76115.98,47.9194
196,76115.98,76160.47,76088.89,76114.23,34.9668
197,76114.22,76114.23,76001.07,76001.62,64.1765
198,76001.63,76020.01,75912.50,75934.80,62.1465
199,75934.80,76018.01,75794.02,76018.00,49.6105
200,76018.00,76018.93,75926.00,75974.01,43.1350
201,75974.01,76018.01,75954.68,75961.45,31.2103
202,75961.46,76028.72,75934.00,76021.68,20.8934
203,76021.69,76049.23,75966.00,75966.01,42.3359
204,75966.00,76025.39,75904.95,75967.99,36.0220
205,75967.98,75967.98,75687.60,75744.01,88.8380
206,75744.00,75800.81,75740.00,75744.19,46.4030
207,75744.18,75799.47,75684.30,75799.46,41.5740
208,75799.46,75880.68,75766.16,75820.00,45.7654
209,75820.01,75820.01,75742.68,75760.65,33.9846
210,75760.64,75828.01,75709.03,75770.29,56.0144
211,75770.29,75779.93,75647.05,75662.42,110.7755
212,75662.43,75736.25,75589.47,75589.50,56.8970
213,75589.50,75797.67,75585.09,75776.16,48.7008
214,75776.16,75920.39,75640.29,75873.52,82.0638
215,75873.51,75941.17,75681.58,75742.00,71.5695
216,75742.00,75799.42,75612.27,75646.01,55.4284
217,75646.01,75661.01,75520.02,75574.62,75.3635
218,75574.62,75669.68,75505.88,75570.06,45.1838
219,75570.07,75578.15,75423.04,75570.66,67.5708
220,75570.66,75716.82,75543.72,75562.72,55.8816
221,75562.72,75687.28,75550.00,75631.92,57.9975
222,75631.91,75830.01,75624.09,75828.00,52.7460
223,75828.01,75830.48,75616.42,75730.01,69.4297
224,75730.01,75778.01,75636.60,75636.61,47.9358
225,75636.61,75783.57,75625.88,75762.01,61.8473
226,75762.00,75762.00,75545.75,75590.95,100.4036
227,75590.95,75658.00,75476.17,75607.47,49.8446
228,75607.47,75697.82,75574.56,75697.82,21.7637
229,75697.83,75760.77,75675.86,75713.21,34.0722
230,75713.20,75771.21,75552.79,75739.99,76.4138
231,75740.00,75796.00,75698.61,75762.01,43.1863
232,75762.00,75762.01,75640.82,75695.02,47.7507
233,75695.01,75800.00,75679.94,75739.98,43.4229
234,75739.98,75778.01,75638.52,75638.53,38.6609
235,75638.52,75658.37,75556.45,75635.94,34.3996
236,75635.94,75788.00,75635.93,75745.09,42.4718
237,75745.18,75788.00,75730.00,75730.01,24.7781
238,75730.00,75950.00,75724.01,75820.01,81.1288
239,75820.01,75908.95,75820.00,75851.73,46.9295
240,75851.74,75851.74,75744.00,75788.41,47.6225
241,75788.41,75812.01,75747.64,75777.34,38.8776
242,75777.33,75828.42,75650.00,75732.00,49.7580
243,75732.00,75868.01,75700.00,75842.00,43.1177
244,75842.01,75878.87,75752.00,75878.86,35.4715
245,75878.87,75883.75,75800.00,75800.01,20.1839
246,75800.00,75837.25,75750.00,75788.00,45.2566
247,75788.01,75838.54,75728.29,75754.53,32.8186
248,75754.52,75794.01,75734.12,75750.73,19.7111
249,75750.00,75750.00,75682.94,75688.01,19.7021
250,75688.01,75834.01,75682.94,75760.01,23.1503
251,75760.00,75810.01,75736.00,75794.01,22.5017
252,75794.01,75811.91,75758.00,75768.00,17.1900
253,75768.00,75786.00,75725.99,75783.84,13.5628
254,75783.84,75793.91,75680.00,75680.00,24.8649
255,75680.00,75727.07,75666.44,75727.06,42.8366
256,75727.06,75820.00,75718.00,75742.00,49.3005
257,75742.01,75750.01,75640.82,75706.00,37.9666
258,75706.00,75771.97,75697.90,75715.36,16.8296
259,75715.35,75738.01,75631.99,75631.99,29.5198
260,75631.99,75632.00,75444.28,75458.35,102.5046
261,75458.90,75542.01,75391.67,75460.65,76.8286
262,75460.66,75542.01,75353.07,75362.19,61.4703
263,75362.19,75582.01,75362.19,75503.67,51.8730
264,75503.66,75937.45,75503.66,75768.01,130.9698
265,75770.45,75978.01,75298.43,75842.52,549.1528
266,75844.01,76560.76,75844.01,76224.00,628.6691
267,76224.00,76330.01,75714.00,75798.01,271.5757
268,75798.01,76034.98,75766.00,75952.00,166.7378
269,75952.00,76104.01,75864.00,75909.66,143.6349
270,75909.66,76046.00,75655.35,76015.09,145.8549
271,76015.09,76034.34,75557.10,75610.00,145.5295
272,75608.00,75898.01,75064.82,75800.61,412.6803
273,75800.61,76332.01,75760.01,75978.36,299.1702
274,75978.36,76089.03,75865.78,75928.01,98.4255
275,75928.01,75928.01,75546.00,75550.01,139.9599
276,75550.00,75740.37,75500.00,75632.00,95.7127
277,75632.01,76180.00,75632.01,76054.01,135.9287
278,76054.01,76074.00,75918.00,75934.00,75.9344
279,75934.01,75949.61,75735.19,75949.61,72.3088
280,75949.61,76018.01,75603.58,75700.01,81.4455
281,75700.00,75728.30,75402.10,75431.36,110.8331
282,75431.37,75551.85,75250.00,75550.98,95.9768
283,75550.63,75805.47,75436.16,75805.46,66.7523
284,75804.44,75859.99,75648.00,75829.57,62.0621
285,75829.58,75999.97,75794.00,75976.41,58.0030
286,75976.35,76150.00,75968.01,76066.00,82.0288
287,76066.01,76137.17,76026.00,76082.96,72.5173
288,76082.96,76120.01,76031.36,76080.00,44.2350
289,76080.00,76284.17,76024.00,76284.12,63.2551
290,76284.11,76422.01,76180.00,76187.03,65.6967
291,76187.04,76240.34,76136.00,76219.99,29.5532
292,76219.98,76355.26,76160.00,76355.25,54.9423
293,76355.25,76373.34,76268.00,76268.00,86.3240
294,76268.01,76268.01,76120.00,76216.01,43.7492
295,76216.00,76246.01,76138.00,76218.00,21.6854
296,76218.01,76262.01,76108.00,76108.00,31.1133
297,76108.01,76137.95,76039.10,76130.01,29.9662
298,76130.01,76196.01,76086.00,76162.01,48.2466
299,76162.01,76167.68,76068.64,76132.77,21.5772
300,76132.77,76191.51,76116.00,76178.34,15.7372
301,76178.35,76178.66,76150.20,76154.01,43.5879
302,76154.01,76213.34,76138.00,76153.46,17.4462
303,76153.46,76167.91,76092.63,76116.01,20.9342
304,76116.00,76146.01,76106.20,76112.37,16.7070
305,76112.37,76145.47,76055.62,76072.99,63.5136
306,76072.89,76122.30,76044.94,76074.56,31.8191
307,76074.56,76099.98,76064.00,76064.00,11.7458
308,76064.01,76075.93,75994.75,75994.75,24.5367
309,75994.76,76012.81,75933.11,75960.13,27.8263
310,75960.12,75975.71,75944.00,75960.09,8.8634
311,75960.10,76020.01,75956.42,76018.60,37.3359
312,76019.12,76024.01,75944.00,75976.00,16.1311
313,75976.01,75986.01,75740.00,75742.01,62.0423
314,75742.01,75782.98,75671.00,75753.45,30.0535
315,75753.44,75900.00,75753.44,75892.00,22.9755
316,75892.00,75937.52,75790.61,75790.63,48.4403
317,75790.63,75790.63,75667.24,75694.78,129.1091
318,75694.79,75784.01,75694.00,75758.21,13.8712
319,75758.21,75758.21,75686.08,75686.09,15.4080
320,75686.08,75770.01,75654.81,75770.01,64.9186
321,75770.01,75816.01,75728.00,75816.01,13.1738
322,75816.00,75820.01,75726.00,75726.01,14.6079
323,75726.01,75726.01,75632.70,75654.01,100.0767
324,75654.01,75678.01,75654.00,75675.88,10.8503
325,75675.88,75736.19,75643.61,75726.01,21.3875
326,75726.01,75806.01,75726.01,75796.63,24.0943
327,75796.62,75845.33,75768.20,75845.32,76.0169
328,75845.32,76045.09,75844.24,76045.09,43.1472
329,76045.09,76140.62,76045.09,76099.42,38.4331
330,76099.41,76117.84,76062.00,76076.49,33.6629
331,76076.49,76132.60,76063.77,76126.01,32.0627
332,76126.00,76138.01,76071.42,76127.72,43.4792
333,76127.72,76224.01,76127.71,76207.72,63.7277
334,76207.72,76252.01,76161.99,76225.60,44.8591
335,76225.60,76276.02,76210.00,76262.01,26.9672
336,76262.02,76268.01,76194.16,76206.01,36.6407
337,76206.00,76288.77,76188.00,76268.00,77.6238
338,76268.00,76335.43,76208.00,76335.42,39.2651
339,76335.42,76443.78,76316.00,76328.00,44.1033
340,76328.01,76479.20,76324.00,76455.67,41.9676
341,76455.67,76484.01,76402.00,76482.71,36.9108
342,76482.71,76494.00,76376.00,76404.96,31.4289
343,76404.97,76500.00,76376.01,76446.00,51.7302
344,76446.00,76511.18,76398.00,76482.01,61.2857
345,76482.00,76486.01,76428.00,76434.00,30.6534
346,76434.00,76456.88,76378.00,76408.96,29.3341
347,76408.96,76418.01,76380.00,76380.00,14.1546
348,76380.01,76397.13,76342.76,76342.77,14.4310
349,76342.77,76350.01,76222.01,76233.56,27.5433
350,76233.56,76363.65,76230.00,76268.01,20.5030
351,76268.00,76301.82,76234.00,76301.82,22.8418
352,76301.82,76393.65,76222.00,76362.00,66.6935
353,76362.01,76493.77,76362.01,76493.76,41.4106
354,76493.77,76658.39,76493.77,76631.36,85.3528
355,76631.36,76774.08,76595.07,76633.08,90.5212
356,76633.09,76769.51,76600.04,76609.28,51.7231
357,76609.29,76646.03,76510.55,76607.89,40.7396
358,76607.89,76607.89,76474.00,76551.47,26.9268
359,76551.47,76554.38,76400.00,76416.00,70.3137
360,76416.00,76416.00,76342.76,76374.21,94.2481
361,76374.22,76389.73,76324.00,76379.24,30.9307
362,76379.24,76390.01,76152.00,76154.01,59.0427
363,76154.00,76220.01,76111.00,76220.00,44.9969
364,76220.00,76220.00,76130.00,76130.00,26.7513
365,76130.00,76130.01,76055.34,76124.01,54.9085
366,76124.00,76212.78,76124.00,76179.23,27.1124
367,76179.22,76262.01,76156.00,76261.31,45.7027
368,76261.30,76432.01,76248.00,76396.01,77.7018
369,76396.01,76446.01,76378.00,76426.01,39.1634
370,76426.00,76450.00,76366.01,76448.00,39.4423
371,76448.01,76485.13,76338.49,76356.28,34.0638
372,76356.29,76401.25,76356.29,76370.01,16.8635
373,76370.01,76473.17,76370.01,76456.00,24.8192
374,76456.01,76502.69,76438.01,76438.02,21.2176
375,76438.02,76448.01,76414.00,76440.00,14.8731
376,76439.99,76459.55,76420.00,76424.01,8.7706
377,76424.01,76488.24,76424.00,76488.24,16.3999
378,76488.24,76530.00,76474.00,76500.00,22.5214
379,76500.01,76535.03,76444.53,76498.02,30.2266
380,76498.01,76531.83,76491.39,76499.45,13.4532
381,76499.46,76523.80,76458.00,76482.01,19.4787
382,76482.01,76504.01,76468.00,76482.03,79.0175
383,76482.03,76483.74,76418.00,76434.01,21.1038
384,76434.00,76452.16,76409.54,76441.99,23.5698
385,76442.00,76442.00,76376.00,76398.74,24.2269
386,76398.74,76398.74,76342.76,76342.76,6.9343
387,76342.76,76342.77,76300.00,76320.14,17.5911
388,76320.13,76324.01,76300.00,76300.00,8.3780
389,76300.01,76300.01,76200.00,76221.90,24.9965
390,76221.91,76250.00,76187.00,76214.26,37.0898
391,76214.27,76227.96,76187.00,76196.02,16.0087
392,76196.01,76357.23,76196.01,76340.01,38.4933
393,76340.01,76384.90,76332.00,76370.10,19.5751
394,76370.00,76490.01,76339.03,76481.33,28.8650
395,76481.33,76521.96,76438.71,76438.72,28.3084
396,76438.72,76598.00,76438.72,76539.81,25.0772
397,76539.82,76632.14,76504.20,76522.32,62.6481
398,76522.33,76522.33,76488.00,76508.59,8.5907
399,76508.60,76508.60,76449.90,76477.36,13.3666
400,76477.37,76477.37,76420.00,76446.01,17.6634
401,76446.01,76479.63,76438.19,76479.63,12.5745
402,76479.63,76549.99,76462.00,76491.27,29.2604
403,76491.27,76491.28,76393.16,76472.00,29.0304
404,76472.01,76476.01,76393.16,76395.62,25.2013
405,76395.62,76398.01,76329.61,76359.19,27.9774
406,76359.18,76392.01,76358.00,76374.00,9.3506
407,76374.00,76430.16,76370.00,76408.79,22.4028
408,76408.80,76408.80,76318.00,76333.88,22.1269
409,76333.87,76385.17,76308.42,76385.16,15.3692
410,76385.16,76465.19,76385.13,76465.17,36.3691
411,76465.17,76479.35,76449.90,76464.95,18.3463
412,76464.96,76464.96,76371.41,76406.48,26.2092
413,76406.49,76411.82,76342.89,76351.34,22.2198
414,76351.34,76448.01,76350.00,76448.00,6.8443
415,76448.01,76527.05,76448.01,76491.68,16.3092
416,76491.67,76571.42,76491.67,76549.26,35.0749
417,76549.25,76584.10,76532.15,76561.32,31.0463
418,76561.31,76598.01,76547.51,76547.51,41.3083
419,76547.51,76547.52,76500.00,76500.01,10.0169
420,76500.01,76500.01,76472.70,76477.45,12.7217
421,76477.46,76572.01,76477.45,76572.00,26.8674
422,76572.01,76682.01,76572.01,76637.51,41.0322
423,76637.52,76672.01,76526.00,76536.01,34.5270
424,76536.00,76640.01,76518.00,76562.01,18.2786
425,76562.01,76577.42,76540.00,76563.09,24.7552
426,76563.08,76577.37,76522.00,76522.93,88.0489
427,76522.94,76535.00,76500.12,76516.01,27.2524
428,76516.00,76516.01,76492.00,76492.01,36.6714
429,76492.00,76535.92,76492.00,76512.61,20.4162
430,76512.61,76528.00,76479.06,76500.00,29.5530
431,76500.00,76500.01,76460.00,76460.01,35.2374
432,76460.00,76462.76,76425.34,76462.76,39.8043
433,76462.77,76527.66,76460.96,76527.65,44.0372
434,76527.65,76527.66,76453.68,76457.35,15.0308
435,76457.36,76500.00,76418.00,76418.01,34.3850
436,76418.01,76488.01,76396.97,76484.32,37.5202
437,76484.33,76534.62,76476.69,76484.29,50.8307
438,76484.30,76525.10,76462.00,76462.00,18.1984
439,76462.00,76487.95,76415.94,76473.28,34.3852
440,76473.28,76545.01,76464.09,76545.01,36.8755
441,76545.01,76545.01,76458.00,76494.00,34.9960
442,76494.00,76499.78,76477.45,76494.01,24.1322
443,76494.72,76573.24,76494.71,76573.24,38.5260
444,76573.24,76591.46,76564.00,76574.63,53.3484
445,76574.63,76670.00,76574.62,76669.24,28.6184
446,76669.25,76696.94,76636.90,76649.44,39.0221
447,76649.44,76717.42,76649.44,76689.51,22.0297
448,76689.51,76741.29,76650.00,76654.01,37.8242
449,76654.01,76737.33,76654.01,76698.00,29.1566
450,76698.00,76741.74,76689.04,76689.05,40.9185
451,76689.04,76702.01,76646.02,76693.98,26.2236
452,76693.99,76770.00,76684.00,76702.93,44.0145
453,76702.51,76702.51,76597.03,76597.04,17.5601
454,76597.03,76640.01,76528.00,76561.68,34.5173
455,76561.68,76561.68,76500.13,76531.90,24.7964
456,76531.89,76531.90,76468.04,76468.05,33.5861
457,76468.04,76470.49,76314.00,76370.15,48.3144
458,76370.15,76431.17,76370.14,76392.00,37.0287
459,76392.01,76426.01,76379.96,76398.00,21.9081
460,76398.00,76398.01,76327.44,76341.04,29.0345
461,76341.05,76350.00,76318.93,76330.32,28.6934
462,76330.32,76374.51,76330.31,76350.00,18.5823
463,76350.00,76366.90,76322.85,76344.00,23.6959
464,76344.00,76410.01,76344.00,76393.73,17.1911
465,76393.72,76393.73,76325.00,76325.01,27.2456
466,76325.01,76333.75,76270.00,76312.01,115.3120
467,76312.00,76371.94,76312.00,76370.71,22.5753
468,76370.70,76402.01,76340.81,76402.01,24.3086
469,76402.01,76455.01,76395.62,76440.01,22.5279
470,76440.01,76440.01,76350.00,76370.01,23.5978
471,76370.01,76434.36,76370.00,76434.35,17.5668
472,76434.35,76457.79,76356.00,76388.78,32.6898
473,76388.78,76403.60,76369.30,76369.31,10.8849
474,76369.31,76400.01,76346.14,76394.33,22.8515
475,76394.32,76394.33,76303.43,76310.01,14.6660
476,76310.01,76310.01,76221.19,76221.19,27.3819
477,76221.19,76232.01,76179.00,76192.00,35.8000
478,76192.01,76248.51,76192.01,76218.01,21.8383
479,76218.01,76255.00,76206.00,76251.00,22.1490
480,76251.00,76488.73,76247.51,76482.00,77.9972
481,76482.00,76565.19,76398.93,76502.83,59.2651
482,76502.84,76558.01,76428.00,76558.00,56.8479
483,76558.01,76820.00,76540.00,76820.00,86.9846
484,76819.99,76958.00,76814.29,76957.99,89.0628
485,76957.98,76993.69,76888.17,76927.91,74.8653
486,76927.91,76999.01,76919.15,76996.77,55.0783
487,76996.76,77179.47,76888.62,77044.26,320.8347
488,77044.27,77053.12,76930.28,76938.16,40.0649
489,76938.15,76944.24,76865.78,76870.18,58.3914
490,76870.18,76907.73,76792.00,76792.00,54.9165
491,76792.00,76896.31,76787.00,76788.00,31.8263
492,76788.01,76828.28,76734.65,76736.59,42.1125
493,76736.59,76889.66,76714.00,76859.42,84.0561
494,76859.42,76859.42,76677.00,76678.48,43.5748
495,76678.48,76740.00,76637.00,76659.30,48.1939
496,76659.30,76745.53,76650.00,76682.00,24.4723
497,76682.01,76714.88,76600.99,76614.01,34.8260
498,76614.00,76618.01,76465.11,76472.01,68.8191
499,76472.01,76584.01,76314.00,76366.01,114.2679
500,76366.01,76394.01,76000.00,76020.01,194.2200
501,76020.01,76219.31,76020.01,76152.00,115.2700
502,76152.01,76436.01,76054.00,76350.01,95.9345
503,76350.01,76657.76,76350.01,76508.95,129.9079
504,76508.95,76694.07,76501.17,76694.07,59.8310
505,76694.06,76772.01,76400.00,76421.91,114.4241
506,76421.90,76691.65,76391.44,76666.01,73.0038
507,76666.00,76983.14,76650.00,76965.72,142.6383
508,76965.72,76965.73,76706.00,76752.42,75.6394
509,76752.42,76954.86,76752.41,76954.86,80.3157
510,76954.85,77088.05,76879.34,76943.57,154.6197
511,76943.57,77014.01,76808.00,76830.87,98.5885
512,76830.87,76881.23,76726.66,76756.65,49.1638
513,76756.66,76813.23,76612.00,76620.54,45.8875
514,76620.53,76727.94,76620.00,76699.98,26.2327
515,76699.97,76724.31,76614.85,76645.64,33.0391
516,76645.64,76655.01,76500.00,76502.46,47.7200
517,76502.45,76502.46,76321.80,76358.46,58.7809
518,76358.47,76427.95,76292.00,76386.40,44.6712
519,76386.40,76386.40,76275.00,76350.26,29.4170
520,76350.25,76455.38,76287.23,76397.20,29.9437
521,76397.20,76422.96,76342.38,76370.90,23.3387
522,76370.90,76464.01,76370.89,76464.01,20.1337
523,76464.01,76534.01,76451.88,76516.22,31.3936
524,76516.23,76700.00,76507.95,76700.00,46.1736
525,76699.99,76862.85,76690.65,76766.28,45.1756
526,76766.28,76766.28,76628.34,76633.33,29.7662
527,76633.33,76800.00,76604.58,76741.90,66.1281
528,76741.91,76780.01,76662.00,76780.01,47.4426
529,76780.01,76811.39,76740.36,76740.36,34.4873
530,76740.36,76777.35,76668.00,76751.14,41.9017
531,76751.14,76751.14,76685.39,76731.47,23.4642
532,76731.47,76796.38,76692.54,76711.29,83.0456
533,76711.30,76794.22,76676.00,76765.32,32.4781
534,76765.32,76765.32,76676.01,76710.79,18.2456
535,76710.79,76713.66,76534.00,76600.28,96.5363
536,76600.28,76652.01,76571.37,76627.09,49.4402
537,76627.09,76706.01,76589.07,76706.01,42.3524
538,76706.01,76746.01,76601.60,76626.22,51.9465
539,76626.21,76740.01,76623.34,76668.42,52.1965
540,76668.42,76753.46,76591.58,76753.46,70.4499
541,76753.46,76920.70,76736.13,76906.68,166.4402
542,76906.68,76915.04,76852.78,76893.00,51.1685
543,76892.99,76893.00,76820.00,76820.01,33.9483
544,76820.01,76862.01,76768.53,76848.00,29.2938
545,76848.01,76950.00,76848.00,76896.86,102.4896
546,76896.86,76924.97,76860.00,76924.97,40.9350
547,76924.97,76950.00,76846.02,76949.99,39.3878
548,76949.99,76970.01,76792.04,76794.00,51.5495
549,76794.00,76844.01,76716.00,76716.00,46.4532
550,76716.00,76716.00,76576.00,76634.01,86.9258
551,76634.01,76642.01,76579.39,76605.73,38.1715
552,76605.73,76699.51,76605.72,76667.86,24.7308
553,76667.87,76693.08,76666.00,76688.77,14.9390
554,76688.78,76694.01,76650.00,76661.99,15.1613
555,76661.99,76720.00,76660.00,76719.99,7.9516
556,76720.00,76771.11,76719.99,76771.11,10.0747
557,76771.10,76781.85,76741.58,76742.00,14.2435
558,76742.01,76768.01,76739.32,76744.39,14.3361
559,76744.40,76757.98,76597.22,76603.47,34.8767
560,76603.48,76637.60,76475.61,76475.61,46.3227
561,76475.61,76626.82,76470.40,76626.82,34.4912
562,76626.81,76695.22,76607.31,76658.02,41.5197
563,76658.02,76658.03,76595.99,76618.01,32.9849
564,76618.02,76625.63,76575.96,76575.96,26.1959
565,76575.97,76614.01,76560.19,76585.14,30.5262
566,76585.14,76624.18,76560.19,76560.20,27.8746
567,76560.20,76572.01,76560.19,76564.62,11.8983
568,76564.61,76564.65,76504.62,76564.64,27.0351
569,76564.64,76625.00,76564.64,76581.26,16.3872
570,76581.26,76588.33,76557.07,76581.17,27.8249
571,76581.18,76625.00,76554.00,76604.03,14.6327
572,76604.03,76604.03,76540.00,76546.01,17.0209
573,76546.00,76604.85,76542.00,76603.59,22.0132
574,76603.60,76603.60,76506.18,76553.55,21.0115
575,76553.55,76677.42,76553.55,76608.01,44.2686
576,76608.00,76613.43,76520.43,76594.01,31.8360
577,76594.01,76610.01,76540.73,76598.33,19.5939
578,76598.33,76650.01,76598.33,76622.00,20.6884
579,76622.00,76646.66,76622.00,76636.00,6.4176
580,76636.01,76636.01,76600.00,76616.72,13.1520
581,76616.72,76716.89,76616.72,76714.22,17.5811
582,76714.22,76732.99,76700.00,76711.46,18.9886
583,76711.46,76711.46,76646.11,76646.12,8.6623
584,76646.12,76668.01,76617.67,76617.67,5.6470
585,76617.68,76617.68,76512.00,76527.45,46.7137
586,76527.44,76547.59,76527.44,76532.16,10.1556
587,76532.15,76542.01,76500.00,76541.04,18.5827
588,76541.04,76556.02,76528.00,76556.01,12.6044
589,76556.01,76616.01,76523.99,76523.99,62.5889
590,76523.99,76524.00,76516.00,76516.01,4.8099
591,76516.00,76538.01,76500.00,76506.87,15.4251
592,76506.87,76516.01,76506.86,76516.00,6.6653
593,76516.01,76532.01,76516.00,76532.01,3.9069
594,76532.00,76568.97,76532.00,76560.04,18.7025
595,76560.04,76564.66,76544.00,76560.01,8.5718
596,76560.00,76580.86,76556.87,76568.00,15.7732
597,76568.01,76569.24,76525.00,76525.01,13.0922
598,76525.01,76525.01,76484.00,76484.00,16.2412
599,76484.00,76484.01,76422.42,76454.31,24.3721
600,76454.32,76458.91,76395.51,76415.85,20.8049
601,76415.85,76442.01,76372.01,76394.16,31.5016
602,76394.17,76458.55,76335.61,76365.70,44.9149
603,76365.71,76407.78,76352.00,76367.21,20.2380
604,76367.21,76367.21,76259.99,76270.39,28.0292
605,76270.38,76302.01,76259.98,76266.30,11.1469
606,76266.30,76286.01,76260.00,76273.69,17.3491
607,76273.70,76311.84,76262.00,76309.49,23.7038
608,76309.49,76434.01,76309.48,76434.01,12.4402
609,76434.01,76447.87,76415.82,76418.01,18.7078
610,76418.01,76430.00,76396.01,76422.33,19.5741
611,76422.33,76422.33,76350.00,76358.01,23.9652
612,76358.01,76420.00,76323.37,76420.00,19.1809
613,76419.99,76490.01,76384.04,76462.01,35.5733
614,76462.01,76500.00,76462.00,76465.04,23.4838
615,76465.04,76510.01,76458.02,76494.50,20.8999
616,76494.51,76500.00,76468.26,76490.01,11.2591
617,76490.01,76499.65,76485.11,76496.00,8.9212
618,76496.01,76496.02,76490.00,76490.00,6.5986
619,76490.00,76490.01,76406.44,76406.45,11.0749
620,76406.45,76434.01,76389.77,76425.01,25.0131
621,76425.02,76445.92,76417.75,76436.09,26.8056
622,76436.10,76500.05,76426.47,76455.99,33.6855
623,76455.99,76458.01,76403.99,76458.00,29.5842
624,76458.01,76482.47,76415.35,76417.01,22.6758
625,76417.01,76440.01,76396.08,76426.05,19.8944
626,76426.05,76440.01,76377.31,76440.01,28.2788
627,76440.01,76472.35,76383.60,76472.35,189.1914
628,76472.34,76472.35,76360.92,76360.93,12.6305
629,76360.92,76360.93,76316.00,76358.57,18.1501
630,76358.57,76377.23,76296.00,76374.00,19.9223
631,76374.00,76455.09,76374.00,76455.08,27.9728
632,76455.08,76455.08,76364.73,76365.96,13.1879
633,76365.97,76431.36,76350.00,76431.35,7.1767
634,76431.36,76435.75,76410.00,76435.45,10.5383
635,76435.44,76564.62,76434.00,76564.62,18.6691
636,76564.63,76590.00,76552.00,76590.00,10.9629
637,76589.99,76678.00,76568.00,76575.00,21.8080
638,76575.00,76657.83,76575.00,76656.01,20.5973
639,76656.00,76678.00,76544.00,76550.00,325.9681
640,76550.00,76584.01,76520.00,76584.00,23.4000
641,76584.01,76640.01,76584.00,76600.00,13.7397
642,76600.00,76600.01,76573.16,76588.01,8.9564
643,76588.00,76627.85,76579.96,76596.01,24.5995
644,76596.01,76638.01,76579.97,76630.17,16.9562
645,76630.17,76720.00,76630.16,76696.59,36.1077
646,76696.59,76743.57,76695.47,76743.57,26.3098
647,76743.57,76760.01,76693.58,76734.00,26.0882
648,76734.00,76763.86,76710.00,76744.01,33.0726
649,76744.01,76817.79,76714.00,76715.92,37.3351
650,76715.92,76715.92,76676.00,76676.00,12.8172
651,76676.01,76781.90,76644.00,76770.00,119.6156
652,76770.01,76815.06,76752.00,76752.00,69.4747
653,76752.00,76854.01,76752.00,76840.22,42.5634
654,76840.22,76931.66,76840.20,76931.65,44.7371
655,76931.66,77042.06,76931.65,77035.54,103.8738
656,77035.54,77035.55,77008.00,77008.00,72.3686
657,77008.00,77008.34,76946.63,76946.63,119.7494
658,76946.63,76950.01,76924.00,76950.00,28.0219
659,76950.01,77042.20,76942.00,77038.01,37.3277
660,77038.01,77038.01,76988.30,76988.30,24.4578
661,76988.31,77019.95,76981.94,77019.95,17.7795
662,77019.96,77080.83,77019.95,77045.02,39.3704
663,77045.03,77323.00,77045.02,77322.99,147.5528
664,77322.99,77597.83,77309.48,77436.45,237.4231
665,77436.45,77445.10,77287.44,77331.69,88.9240
666,77331.68,77497.99,77288.00,77426.90,59.6112
667,77426.91,77497.42,77390.00,77409.99,63.3158
668,77410.00,77422.83,77333.90,77333.91,38.6620
669,77333.92,77396.82,77321.24,77343.05,55.7987
670,77343.06,77434.97,77343.05,77419.17,52.3645
671,77419.18,77469.30,77384.15,77408.68,73.9048
672,77408.69,77412.71,77370.19,77383.47,45.7859
673,77383.47,77417.39,77343.06,77343.07,33.2819
674,77343.07,77343.07,77238.89,77238.89,70.4167
675,77238.89,77342.88,77227.08,77291.22,78.4318
676,77291.34,77369.86,77250.91,77337.29,56.0530
677,77338.44,77372.42,77276.21,77276.22,44.3476
678,77276.22,77327.73,77258.13,77276.61,66.2202
679,77276.61,77305.11,77216.76,77246.92,97.7120
680,77246.92,77336.36,77246.92,77320.00,72.1333
681,77320.01,77450.63,77275.00,77450.63,35.7977
682,77450.63,77460.01,77351.77,77351.77,79.5944
683,77351.77,77449.85,77346.61,77449.84,33.1589
684,77449.85,77575.98,77449.84,77575.97,56.9033
685,77575.98,77669.00,77467.67,77467.97,111.3462
686,77467.97,77596.48,77454.54,77495.43,58.1107
687,77495.43,77626.78,77484.49,77528.20,56.2540
688,77528.19,77591.00,77500.00,77541.06,49.6864
689,77541.07,77550.40,77448.43,77511.02,100.1668
690,77511.02,77619.49,77442.93,77600.72,71.6389
691,77600.72,77705.60,77575.77,77677.99,65.9344
692,77677.99,77715.48,77515.43,77649.16,54.2070
693,77649.15,77649.16,77590.64,77590.64,36.7103
694,77590.65,77594.95,77493.79,77519.00,66.8295
695,77519.00,77533.80,77472.26,77477.49,26.7931
696,77477.50,77508.01,77460.00,77493.80,20.0772
697,77493.80,77588.01,77493.79,77564.22,38.6706
698,77564.21,77611.70,77512.24,77512.25,39.5307
699,77512.25,77556.01,77493.92,77496.00,32.6433
700,77496.01,77576.84,77488.00,77537.96,39.2222
701,77537.97,77645.06,77498.79,77640.01,54.1312
702,77640.00,77679.62,77544.00,77544.01,51.4525
703,77544.00,77548.37,77498.00,77498.00,40.7972
704,77498.01,77582.02,77494.39,77574.90,48.7615
705,77574.89,77574.90,77518.00,77526.01,35.0737
706,77526.01,77531.60,77469.29,77506.00,42.4519
707,77506.01,77506.01,77453.33,77453.34,51.0671
708,77453.34,77607.69,77402.32,77604.00,68.1983
709,77604.01,77690.01,77566.11,77671.26,45.3775
710,77671.26,77787.83,77591.45,77628.09,94.5524
711,77628.09,77695.09,77622.00,77627.36,44.9926
712,77627.36,77755.29,77618.00,77755.25,79.3972
713,77755.25,77845.67,77732.45,77762.00,88.8450
714,77762.00,77847.30,77754.00,77798.01,43.2770
715,77798.01,77850.00,77769.90,77822.51,176.3857
716,77822.51,77830.00,77774.04,77774.05,311.3541
717,77774.05,77838.00,77732.49,77822.01,115.3677
718,77822.00,77822.00,77730.57,77749.99,90.6145
719,77750.00,77820.00,77749.99,77784.08,60.2311
720,77784.09,77798.01,77735.14,77798.01,52.8830
721,77798.00,77973.45,77798.00,77906.79,205.1939
722,77906.79,77906.80,77674.00,77693.10,74.8213
723,77693.10,77842.98,77660.00,77767.10,65.6826
724,77767.10,77899.05,77760.00,77868.01,90.5272
725,77868.00,78066.65,77868.00,78065.39,132.8035
726,78065.40,78065.40,77950.43,77960.01,137.0326
727,77960.01,78023.07,77919.92,78021.59,95.4450
728,78021.60,78028.01,77928.00,77928.90,38.5240
729,77928.89,77996.17,77902.29,77968.73,28.9649
730,77968.73,78012.90,77959.39,77987.51,39.4421
731,77987.50,78072.01,77972.60,78072.00,26.8888
732,78072.01,78279.80,78072.00,78272.15,146.7133
733,78271.48,78433.33,78227.34,78311.54,292.7919
734,78311.53,78490.79,78287.30,78431.90,103.0220
735,78431.90,78440.74,78307.08,78377.30,71.5854
736,78377.29,78386.01,78300.00,78338.01,45.9236
737,78338.00,78394.15,78309.12,78314.50,127.5467
738,78314.51,78314.51,78161.10,78162.96,84.9922
739,78162.97,78164.01,78078.72,78106.00,78.2851
740,78106.00,78106.01,77961.57,78022.01,181.3316
741,78022.01,78068.82,78005.28,78054.00,44.8993
742,78054.00,78196.40,78054.00,78103.80,78.4754
743,78103.80,78168.01,78103.80,78134.06,22.1238
744,78134.07,78220.07,78134.07,78212.01,68.0116
745,78212.00,78221.19,78162.60,78172.02,44.9672
746,78172.02,78222.01,78150.00,78150.01,38.2886
747,78150.01,78198.01,78102.00,78196.59,50.7317
748,78196.59,78212.01,78167.56,78210.01,23.1036
749,78210.01,78245.92,78171.74,78187.47,31.4689
750,78187.46,78280.94,78167.55,78280.93,25.7853
751,78280.94,78319.67,78258.88,78281.46,44.4878
752,78281.45,78281.46,78251.30,78257.31,20.8430
753,78257.32,78280.01,78190.01,78230.01,26.9561
754,78230.00,78350.01,78211.62,78350.01,43.9434
755,78350.01,78369.86,78278.00,78313.77,27.2604
756,78313.77,78324.15,78265.10,78285.34,18.2088
757,78285.35,78382.01,78269.06,78382.01,48.3601
758,78382.00,78450.01,78046.20,78190.01,169.1803
759,78190.01,78216.27,78044.96,78118.01,48.1129
760,78118.00,78165.36,78070.02,78126.99,38.5230
761,78126.99,78137.45,78066.70,78074.81,41.7717
762,78074.81,78102.01,78040.40,78053.43,53.8638
763,78053.42,78156.01,78046.68,78110.74,47.4337
764,78110.73,78172.56,78110.73,78126.62,25.4571
765,78126.61,78126.62,78026.00,78026.01,16.8024
766,78026.01,78074.85,78026.00,78042.86,21.9898
767,78042.86,78098.94,78034.00,78098.94,21.0372
768,78098.93,78098.94,78050.00,78062.00,31.8792
769,78062.01,78124.99,78005.20,78120.07,54.7317
770,78120.01,78124.89,78005.00,78010.00,31.0290
771,78010.00,78110.53,77990.50,78083.43,67.4981
772,78083.44,78110.01,78008.62,78008.62,39.1789
773,78008.62,78084.02,77983.96,78007.12,38.2465
774,78007.12,78041.85,77982.88,78023.29,22.8745
775,78023.29,78090.01,77988.00,78090.01,31.7550
776,78090.00,78170.01,78090.00,78170.01,80.6643
777,78170.00,78182.01,78110.53,78120.00,35.5408
778,78120.00,78146.01,78090.00,78096.01,42.0835
779,78096.00,78106.01,78026.32,78051.59,38.1194
780,78051.58,78060.01,78032.00,78043.11,26.9331
781,78043.12,78075.92,77972.30,78037.18,107.9796
782,78037.18,78084.67,78022.00,78040.00,27.3899
783,78040.00,78052.01,78011.68,78029.00,17.8969
784,78029.01,78093.89,78029.00,78093.89,26.2525
785,78093.89,78147.81,78076.20,78076.20,33.0912
786,78076.20,78178.01,78055.56,78178.00,29.1563
787,78178.01,78402.52,78146.04,78394.87,164.3343
788,78394.86,78972.68,78350.00,78958.40,295.3965
789,78958.41,79320.00,78849.25,79297.04,448.6808
790,79297.04,79995.00,79226.60,79994.99,744.3921
791,79994.99,80500.00,79928.07,80044.68,879.3899
792,80044.68,80165.18,79900.00,80073.09,353.0965
793,80073.09,80361.82,80073.09,80361.44,1073.0703
794,80361.44,80626.58,80110.10,80220.33,406.7195
795,80219.14,80320.92,80118.61,80303.26,132.7671
796,80303.25,80665.05,80303.25,80643.93,284.7618
797,80643.93,80989.99,80609.05,80952.63,496.7495
798,80952.63,80958.04,80572.86,80705.08,361.5714
799,80705.08,80740.00,80500.00,80654.57,228.4382
800,80654.56,80815.72,80551.47,80640.52,176.8943
801,80640.52,80800.00,80602.13,80784.67,154.5167
802,80784.67,80957.22,80717.00,80865.62,145.7148
803,80865.63,80967.72,80821.42,80915.04,110.3268
804,80915.04,80937.84,80823.27,80937.83,103.2958
805,80937.83,81050.00,80704.26,80718.84,309.9789
806,80718.83,80882.06,80576.43,80589.98,224.5775
807,80589.99,80779.00,80566.66,80768.43,168.4596
808,80768.43,81087.99,80768.43,80901.96,242.1310
809,80901.97,81105.86,80856.24,81105.85,186.2243
810,81105.85,81154.67,80891.27,80965.99,201.5036
811,80966.00,80976.59,80720.00,80822.93,98.7521
812,80822.93,80856.16,80748.27,80769.22,79.0183
813,80769.23,80769.23,80644.80,80644.80,70.2207
814,80644.80,80744.11,80501.00,80676.93,144.1641
815,80676.93,80818.40,80676.93,80703.55,90.9209
816,80703.55,80768.54,80616.84,80725.60,84.1129
817,80725.60,80830.00,80671.53,80827.41,104.9609
818,80827.40,80902.00,80734.86,80814.01,167.2339
819,80814.01,80970.27,80772.29,80967.33,56.7345
820,80967.33,81050.00,80906.60,80968.02,136.0567
821,80968.02,81074.61,80900.16,81004.01,72.8581
822,81004.00,81051.57,80868.15,81051.56,92.2122
823,81051.56,81258.01,81023.69,81200.61,168.6059
824,81200.61,81200.61,80966.00,81006.30,115.5183
825,81006.31,81008.75,80900.00,80999.99,42.7044
826,80999.99,80999.99,80832.34,80853.74,73.6579
827,80853.73,80940.01,80770.00,80938.58,65.0127
828,80938.57,80950.00,80840.01,80846.74,60.4395
829,80846.75,80887.60,80768.80,80876.32,84.4363
830,80876.31,80897.59,80794.29,80794.29,31.4556
831,80794.29,80898.96,80766.43,80898.95,66.0305
832,80898.95,80941.96,80782.74,80811.48,51.3553
833,80811.47,80827.81,80622.74,80759.74,76.5930
834,80759.74,80800.00,80718.00,80745.20,35.2608
835,80745.19,80745.20,80555.54,80597.96,94.6725
836,80597.95,80716.01,80597.95,80680.96,47.1107
837,80680.97,80774.01,80672.02,80774.00,27.5233
838,80774.00,80870.00,80758.25,80849.75,45.5494
839,80849.76,80918.47,80847.24,80866.72,84.5532
840,80866.71,81019.01,80857.99,81019.00,74.7540
841,81019.00,81019.01,80875.30,80907.55,50.6106
842,80907.54,80981.95,80894.22,80922.01,44.6031
843,80922.01,80948.00,80796.92,80872.00,83.7775
844,80872.00,80908.01,80834.65,80908.01,85.4554
845,80908.01,80923.06,80838.00,80838.00,59.2085
846,80838.00,80994.10,80812.00,80990.25,44.8193
847,80990.25,81050.00,80915.81,81042.00,62.3359
848,81042.01,81148.00,80984.00,81128.00,174.9981
849,81128.00,81128.00,80920.82,80943.39,30.5234
850,80943.38,81037.78,80932.91,81037.77,46.6321
851,81037.77,81072.88,80983.25,81003.13,49.8134
852,81003.13,81003.13,80879.91,80938.43,54.8415
853,80938.44,81017.75,80912.00,80976.01,40.1115
854,80976.01,81088.00,80951.69,81087.99,39.8831
855,81087.99,81208.00,81087.99,81196.00,52.5482
856,81196.01,81400.00,81141.06,81221.99,141.5660
857,81221.99,81223.87,81118.00,81137.88,64.5608
858,81137.91,81310.65,81137.91,81257.43,79.4728
859,81257.43,81257.43,81130.00,81130.00,52.7503
860,81130.00,81151.48,81058.00,81072.00,72.1682
861,81072.00,81245.98,81070.00,81244.68,57.3628
862,81244.68,81350.01,81170.74,81298.62,51.1722
863,81298.63,81337.66,81135.03,81137.14,82.8497
864,81137.15,81253.11,81137.15,81204.76,103.8447
865,81204.77,81217.54,81081.26,81186.01,51.8309
866,81186.00,81235.00,80962.00,80988.01,71.1781
867,80988.01,81121.56,80978.01,81078.01,60.4451
868,81078.01,81220.00,81050.00,81210.28,56.1122
869,81210.28,81210.28,81074.49,81082.42,59.7400
870,81082.41,81082.42,80941.65,81022.00,44.0458
871,81022.01,81057.52,81008.10,81025.09,24.7550
872,81025.09,81042.79,80956.37,81005.47,34.6477
873,81005.47,81176.47,80973.45,81168.01,44.0505
874,81168.00,81188.00,81081.10,81086.01,66.3313
875,81086.00,81164.01,81077.38,81079.99,75.4574
876,81079.99,81110.01,81070.00,81110.01,31.9584
877,81110.01,81192.05,81092.00,81191.76,59.3186
878,81191.76,81244.99,81143.31,81164.01,35.9186
879,81164.00,81291.95,81156.95,81277.61,58.5722
880,81277.61,81290.01,81108.17,81116.00,54.5423
881,81116.01,81192.01,81116.01,81188.51,31.2198
882,81188.50,81242.01,81169.72,81190.01,33.8238
883,81190.00,81204.01,81142.99,81151.67,41.3077
884,81151.67,81254.01,81151.66,81254.00,27.8255
885,81254.00,81300.00,81212.15,81220.69,37.4378
886,81220.70,81226.37,81146.67,81226.36,62.8189
887,81226.37,81251.55,81194.02,81218.64,23.5736
888,81218.65,81242.20,81215.99,81238.20,21.7607
889,81238.20,81274.01,81202.55,81240.01,36.9600
890,81240.01,81342.66,81240.00,81342.65,70.8911
891,81342.65,81370.57,81221.70,81241.98,46.9386
892,81241.98,81334.99,81241.97,81328.01,18.2581
893,81328.01,81347.26,81262.04,81262.04,27.0465
894,81262.04,81265.01,81237.42,81265.00,29.8680
895,81265.00,81265.01,81168.89,81168.89,48.0613
896,81168.90,81184.01,81077.55,81184.01,42.9277
897,81184.00,81193.84,81124.00,81124.00,15.0611
898,81124.00,81125.19,81099.58,81125.19,42.4285
899,81125.20,81128.01,81100.03,81128.00,15.9562
900,81128.00,81166.00,81088.85,81139.02,45.9374
901,81139.03,81200.00,81139.02,81162.00,22.8203
902,81162.00,81174.01,81092.00,81134.79,32.3584
903,81134.79,81175.65,81095.22,81175.64,98.3784
904,81175.65,81195.38,81132.15,81132.16,14.7653
905,81132.16,81132.16,81062.00,81062.00,29.6860
906,81062.01,81062.01,80999.13,80999.14,37.5636
907,80999.13,81030.01,80944.00,81030.00,51.8845
908,81030.01,81030.01,80898.59,80904.01,53.8113
909,80904.01,80920.01,80862.61,80899.99,52.8092
910,80899.99,80910.00,80884.00,80909.99,19.9455
911,80909.99,80968.01,80900.00,80912.70,19.4658
912,80912.70,80976.01,80880.93,80883.87,197.9052
913,80883.86,80960.40,80844.58,80860.00,115.7849
914,80859.99,80936.86,80848.69,80860.21,57.9796
915,80860.21,80976.01,80858.96,80976.01,32.9310
916,80976.00,81071.01,80975.14,81071.00,29.2707
917,81071.01,81094.18,81023.28,81068.01,32.1912
918,81068.00,81100.00,81068.00,81100.00,16.6530
919,81100.00,81281.12,81099.99,81258.00,61.6011
920,81258.01,81276.00,81250.01,81274.00,19.5347
921,81274.00,81333.90,81262.00,81322.03,32.1140
922,81322.04,81350.00,81271.02,81291.18,38.2117
923,81291.17,81534.87,81278.44,81424.21,180.3615
924,81424.22,81668.99,81424.21,81668.98,137.7431
925,81668.99,81741.00,81494.00,81496.61,106.8734
926,81496.62,81524.94,81382.00,81404.82,57.5772
927,81404.83,81408.13,81281.06,81281.07,41.9881
928,81281.08,81313.03,81174.03,81174.04,35.2580
929,81174.03,81298.01,81088.65,81298.00,51.0906
930,81298.01,81323.19,81258.00,81260.97,35.6279
931,81260.96,81266.01,81108.00,81108.01,63.5264
932,81108.01,81169.89,81050.00,81146.00,37.2590
933,81146.01,81172.01,81122.70,81172.00,8.9013
934,81172.01,81321.53,81172.00,81321.53,18.6033
935,81321.53,81440.00,81321.53,81330.05,64.2114
936,81330.05,81332.01,81267.00,81280.99,44.5052
937,81281.00,81312.01,81267.00,81274.21,14.9568
938,81274.21,81360.00,81264.00,81359.99,35.6542
939,81359.98,81418.01,81359.98,81375.93,25.8104
940,81375.93,81375.93,81328.00,81355.19,32.6719
941,81355.20,81445.71,81344.00,81438.39,27.4658
942,81438.38,81438.38,81355.00,81355.00,38.9340
943,81355.01,81406.01,81335.00,81362.39,27.3449
944,81362.39,81439.52,81330.01,81339.49,43.7843
945,81339.49,81347.00,81301.00,81322.01,50.4578
946,81322.00,81322.00,81291.00,81317.02,33.1275
947,81317.02,81317.02,81291.31,81294.01,29.9066
948,81294.01,81310.00,81280.00,81304.72,34.2445
949,81304.73,81402.01,81288.00,81402.00,41.8299
950,81402.00,81402.01,81324.00,81327.01,24.6538
951,81327.00,81327.01,81288.00,81288.00,20.2940
952,81288.01,81288.01,81191.83,81191.83,24.9060
953,81191.84,81240.00,81182.54,81188.01,37.4867
954,81188.02,81190.00,81142.00,81142.20,15.0892
955,81142.20,81159.68,81122.19,81124.01,10.7295
956,81124.00,81139.17,81114.08,81123.45,14.0425
957,81123.45,81168.33,81123.45,81168.01,11.1102
958,81168.01,81180.00,81166.00,81180.00,9.6837
959,81179.99,81181.26,81165.00,81181.26,10.1106
960,81181.26,81189.99,81136.01,81136.01,9.8156
961,81136.02,81145.33,81114.08,81143.02,17.0355
962,81143.02,81224.60,81143.02,81191.36,56.9666
963,81191.37,81212.01,81191.36,81208.30,9.1108
964,81208.29,81228.03,81146.83,81146.83,11.2373
965,81146.83,81186.01,81128.02,81150.37,18.2555
966,81150.37,81184.63,81130.00,81137.69,20.6473
967,81137.70,81137.70,81000.00,81000.01,48.9799
968,81000.00,81023.21,80924.49,80930.00,33.3126
969,80930.00,81017.63,80911.12,80971.95,48.6969
970,80971.95,80990.01,80942.01,80983.07,20.6478
971,80983.07,81017.01,80966.10,81012.30,25.6205
972,81012.30,81026.01,80997.44,81024.00,13.4156
973,81024.01,81074.16,81024.00,81068.02,14.0449
974,81068.01,81136.01,81068.01,81124.70,14.7194
975,81124.70,81124.71,81044.32,81044.32,24.9234
976,81044.32,81094.01,81018.00,81080.00,26.0662
977,81080.00,81082.54,81025.34,81082.54,18.0466
978,81082.54,81146.01,81073.32,81073.32,14.3704
979,81073.32,81089.41,81053.29,81089.41,10.0592
980,81089.41,81116.01,81061.24,81114.85,8.0767
981,81114.85,81114.85,81024.02,81026.62,32.8940
982,81026.62,81046.01,81018.01,81024.17,25.1485
983,81024.17,81078.87,81024.17,81074.00,28.2813
984,81074.01,81084.32,81012.00,81040.01,19.1576
985,81040.01,81067.53,81002.00,81017.77,22.9123
986,81017.77,81064.01,81017.77,81040.00,9.1526
987,81040.00,81040.00,81001.50,81001.51,13.5303
988,81001.51,81046.01,80984.65,80984.65,22.2964
989,80984.66,80984.66,80950.34,80950.35,14.9573
990,80950.35,80984.66,80925.76,80966.54,23.8943
991,80966.55,81065.99,80966.55,81065.98,29.4075
992,81065.98,81086.20,81064.69,81079.76,13.4684
993,81079.76,81086.19,81069.85,81069.85,17.8834
994,81069.85,81101.68,81069.85,81072.00,10.0029
995,81072.01,81072.01,81045.37,81045.37,28.2012
996,81045.37,81054.00,81030.00,81052.01,18.2570
997,81052.02,81081.58,81052.01,81081.57,7.2104
998,81081.57,81111.01,81081.57,81111.00,13.2136
999,81111.01,81126.01,81111.00,81126.00,8.9642
